/* @file
@brief List of the contributors for the different versions of BigDFT

@page AUTHORS Contirbutors for the different version of BigDFT

<!-- This file is written in the MediaWiki syntax, to be published on
     http://bigdft.org -->
The BigDFT project was an European project (FP6-NEST) from 2005 to 2008.

Four institutions were implicated in the BigDFT project (version < 1.1):
* Commissariat à l'Énergie Atomique (T. Deutsch),
* University of Basel (S. Goedecker),
* Université catholique de Louvain (X. Gonze),
* Christian-Albrechts Universität zu Kiel (R. Schneider).

From 2010, three laboratories are contributing: L_Sim (CEA), UNIBAS and ESRF.

== Contributors (v1.7) ==
<!-- Name          Initials Email                         Institution -->
Max Amsler              MA  m.amsler@unibas.ch            Basel Universität, Switzerland
Frédéric Bonnet         FB  Frederic.Bonnet@cea.fr        INAC, CEA-Grenoble, France
Paul Boulanger          PB  Paul.Boulanger@cea.fr         INAC, CEA-Grenoble, France
Damien Caliste          DC  Damien.Caliste@cea.fr         INAC, CEA-Grenoble, France
Sandip De               SD  sandip.de@unibas.ch           Basel Universität, Switzerland
Thierry Deutsch         TD  Thierry.Deutsch@cea.fr        INAC, CEA-Grenoble, France
Ivan Duchemin           ID  Ivan.Duchemin@cea.fr          INAC, CEA-Grenoble, France
Nazim Dugan             ND  nazim.dugan@unibas.ch         Basel Universität, Switzerland
Luigi Genovese          LG  Luigi.Genovese@esrf.fr        INAC, CEA-Grenoble, France
Stefan Goedecker        SG  Stefan.Goedecker@unibas.ch    Basel Universität, Switzerland
Eduardo Machado-Charry  EM  Eduardo.Machado-charry@cea.fr INAC, CEA-Grenoble, France
Alessandro Mirone       AM  Alessandro.Mirone@esrf.fr     ESRF, Grenoble, France
Stephan Mohr            SM  Stephan.Mohr@unibas.ch        Basel Universität, Switzerland
Normand Mousseau        NM  Normand.Mousseau@umontreal.ca University of Montreal, Canada
Pascal Pochet           PP  Pascal.Pochet@cea.fr          INAC, CEA-Grenoble, France
Laura Ratcliff          LR  Laura.Ratcliff@cea.fr         INAC, CEA-Grenoble, France
Ali Sadeghi             AS  ali.sadeghi@unibas.ch         Basel Universität, Switzerland
Huan Tran               HT  huan.tran@unibas.ch           Basel Universität, Switzerland
Brice Videau            BV  Brice.Videau@imag.fr          IMAG, Grenoble, France
Alexander Willand       AW  A.Willand@unibas.ch           Basel Universität, Switzerland
</ul>


== Contributors (v1.6) ==
<!-- Name          Initials Email                         Institution -->
Max Amsler              MA  m.amsler@unibas.ch            Basel Universität, Switzerland
Paul Boulanger          PB  Paul.Boulanger@cea.fr         INAC, CEA-Grenoble, France
Damien Caliste          DC  damien.caliste@cea.fr         INAC, CEA-Grenoble, France
Sandip De               SD  sandip.de@unibas.ch           Basel Universität, Switzerland
Thierry Deutsch         TD  Thierry.Deutsch@cea.fr        INAC, CEA-Grenoble, France
Ivan Duchemin           ID  Ivan.Duchemin@cea.fr          INAC, CEA-Grenoble, France
Nazim Dugan             ND  nazim.dugan@unibas.ch         Basel Universität, Switzerland
Luigi Genovese          LG  Luigi.Genovese@esrf.fr        INAC, CEA-Grenoble, France
Seyed Alireza Ghasemi   AG  alirezagh76@gmail.com         Basel Universität, Switzerland
Stefan Goedecker        SG  Stefan.Goedecker@unibas.ch    Basel Universität, Switzerland
Eduardo Machado-Charry  EM  Eduardo.Machado-charry@cea.fr INAC, CEA-Grenoble, France
Alessandro Mirone       AM  Alessandro.Mirone@esrf.fr     ESRF, Grenoble, France
Stephan Mohr            SM  Stephan.Mohr@unibas.ch        Basel Universität, Switzerland
Maxime Morinière        MM  maxime.moriniere@hotmail.fr
Normand Mousseau        NM  Normand.Mousseau@umontreal.ca University of Montreal, Canada
Bhaarathi Natarajan     BN  Bhaarathi.Natarajan@cea.fr    INAC, CEA-Grenoble, France
Ali Sadeghi             AS  ali.sadeghi@unibas.ch         Basel Universität, Switzerland
Huan Tran               HT  huan.tran@unibas.ch           Basel Universität, Switzerland
Brice Videau            BV  Brice.Videau@cea.fr           INAC, CEA-Grenoble, France
Alexander Willand       AW  A.Willand@unibas.ch           Basel Universität, Switzerland

== Contributors (v1.5) ==
<!-- Name          Initials Email                         Institution -->
Max Amsler              MA  m.amsler@unibas.ch            Basel Universität, Switzerland
Eric Bainville          EB  eric.bainville@bealto.com     Bealto, Italy
Damien Caliste          DC  damien.caliste@cea.fr         INAC, CEA-Grenoble, France
Thierry Deutsch         TD  Thierry.Deutsch@cea.fr        INAC, CEA-Grenoble, France
Ivan Duchemin           ID  Ivan.Duchemin@cea.fr          INAC, CEA-Grenoble, France
Luigi Genovese          LG  Luigi.Genovese@esrf.fr        INAC, CEA-Grenoble, France
Seyed Alireza Ghasemi   AG  alirezagh76@gmail.com         Basel Universität, Switzerland
Stefan Goedecker        SG  Stefan.Goedecker@unibas.ch    Basel Universität, Switzerland
Eduardo Machado-Charry  EM  Eduardo.Machado-charry@cea.fr INAC, CEA-Grenoble, France
Alessandro Mirone       AM  Alessandro.Mirone@esrf.fr     ESRF, Grenoble, France
Stephan Mohr            SM  Stephan.Mohr@unibas.ch        Basel Universität, Switzerland
Normand Mousseau        NM  Normand.Mousseau@umontreal.ca University of Montreal, Canada
Bhaarathi Natarajan     BN  Bhaarathi.Natarajan@cea.fr    INAC, CEA-Grenoble, France
Matthieu Ospici         MO  Matthieu.Ospici@imag.fr       Bull, IMAG, CEA, France
Brice Videau            BV  Brice.Videau@cea.fr           INAC, CEA-Grenoble, France
Alexander Willand       AW  A.Willand@unibas.ch           Basel Universität, Switzerland

== Contributors (v1.4) ==
<!-- Name          Initials Email                         Institution -->
Max Amsler              MA  M.Amsler@unibas.ch            Basel Universität, Switzerland
Damien Caliste          DC  Damien.Caliste@cea.fr         INAC, CEA-Grenoble, France
Thierry Deutsch         TD  Thierry.Deutsch@cea.fr        INAC, CEA-Grenoble, France
Luigi Genovese          LG  Luigi.Genovese@esrf.fr        ESRF, Grenoble, France
Seyed Alireza Ghasemi   AG  alirezagh76@gmail.com         Basel Universität, Switzerland
Stefan Goedecker        SG  Stefan.Goedecker@unibas.ch    Basel Universität, Switzerland
Eduardo Machado-Charry  EM  Eduardo.Machado-charry@cea.fr INAC, CEA-Grenoble, France
Alessandro Mirone       AM  Alessandro.Mirone@esrf.fr     ESRF, Grenoble, France
Stephan Mohr            SM  Stephan.Mohr@unibas.ch        Basel Universität, Switzerland
Normand Mousseau        NM  Normand.Mousseau@umontreal.ca University of Montreal, Canada
Bhaarathi Natarajan     BN  Bhaarathi.Natarajan@ujf-grenoble.fr INAC, CEA-Grenoble, France
Matthieu Ospici         MO  Matthieu.Ospici@imag.fr       Bull, IMAG, CEA, France
Brice Videau            BV  Brice.Videau@cea.fr           INAC, CEA-Grenoble, France
Alexander Willand       AW  A.Willand@unibas.ch           Basel Universität, Switzerland

== Contributors (v1.3) ==
<!-- Name          Initials Email                         Institution -->
Damien Caliste          DC  Damien.Caliste@cea.fr         INAC, CEA-Grenoble, France
Thierry Deutsch         TD  Thierry.Deutsch@cea.fr        INAC, CEA-Grenoble, France
Luigi Genovese          LG  Luigi.Genovese@esrf.fr        ESRF, Grenoble, France
Alireza Ghasemi         AG  alirezagh76@gmail.com         Basel Universität, Switzerland
Stefan Goedecker        SG  Stefan.Goedecker@unibas.ch    Basel Universität, Switzerland
Quintin Hill            QH  Quintin.Hill@soton.ac.uk      University of Southampton, United-Kingdom
Alessandro Mirone       AM  Alessandro.Mirone@esrf.fr     ESRF, Grenoble, France
Alexey Neelov           AN  Alexey.Neelov@unibas.ch       Basel Universität, Switzerland
Matthieu Ospici         MO  Matthieu.Ospici@imag.fr       Bull, IMAG, CEA, France
Carlo Sbraccia          CS

== Contributors (v1.2) ==
<!-- Name          Initials Email                         Institution -->
Damien Caliste          DC  damien.caliste@cea.fr         INAC, CEA-Grenoble, France
Thierry Deutsch         TD  Thierry.Deutsch@cea.fr        INAC, CEA-Grenoble, France
Luigi Genovese          LG  Luigi.Genovese@gmail.com      ESRF, Grenoble, France
Alexey Neelov           AN  alexey.neelov@unibas.ch       Basel Universität, Switzerland
Matthieu Ospici         MO  Matthieu.Ospici@imag.fr       Bull, IMAG, CEA, France

== Contributors (v1.1) ==
<!-- Name          Initials Email                         Institution -->
Anders Bergman          AB  Anders.Bergman@cea.fr         INAC, CEA-Grenoble, France
Damien Caliste          DC  damien.caliste@cea.fr         INAC, CEA-Grenoble, France
Thierry Deutsch         TD  Thierry.Deutsch@cea.fr        INAC, CEA-Grenoble, France
Alireza Ghasemi         AG  alirezagh76@gmail.com         Basel Universität, Switzerland
Luigi Genovese          LG  Luigi.Genovese@gmail.com      ESRF, Grenoble, France
Stefan Goedecker        SG  Stefan.Goedecker@unibas.ch    Basel Universität, Switzerland
Alexey Neelov           AN  alexey.neelov@unibas.ch       Basel Universität, Switzerland
Matthieu Ospici         MO  Matthieu.Ospici@free.fr       Bull, IMAG, CEA, France
Alexander Willand       AW  A.Willand@unibas.ch           Basel Universität, Switzerland

== Contributors (v1.0) ==
<!-- Name          Initials Email                         Institution -->
Pierre-Matthieu Anglade  PMA anglade@gmail.com            Université de Caen, France
Anders Bergman           AB  Anders.Bergman@cea.fr        INAC, CEA-Grenoble, France
Damien Caliste           DC  damien.caliste@cea.fr        INAC, CEA-Grenoble, France
Thierry Deutsch          TD  Thierry.Deutsch@cea.fr       INAC, CEA-Grenoble, France
Fritz Krüger             FK  fkr@numerik.uni-kiel.de      Kiel Universität, Germany
Alireza Ghasemi          AG  alirezagh76@gmail.com        Basel Universität, Switzerland
Luigi Genovese           LG  Luigi.Genovese@gmail.com     ESRF, Grenoble, France
Stefan Goedecker         SG  Stefan.Goedecker@unibas.ch   Basel Universität, Switzerland
Xavier Gonze             XG  gonze@pcpm.ucl.ac.be         Université Catholique de Louvain, Belgium
Alexey Neelov            AN  alexey.neelov@unibas.ch      Basel Universität, Switzerland
Jaroslav Piwonski        JP  jpi@numerik.uni-kiel.de      Kiel Universität, Germany
Mark Rayson              MR  Mark.Rayson@unibas.ch        Basel Universität, Switzerland
Reinhold Schneider       RS  schneidr@silica.math.TU-Berlin.de TU Berlin, Germany
Oded Zilberberg          OZ

*/
